{
    "anchorpoints": [],
    "portpins": [
        {
            "name": "1",
            "position": [
                17.5,
                1.4999999999999993,
                1500.0
            ],
            "rotation": [
                -1.0,
                5.204170427930421e-17,
                0.0,
                5.204170427930421e-17,
                1.0,
                0.0,
                0.0,
                0.0,
                -1.0
            ]
        }
    ],
    "version": 7
}